cluster_id,character,malePercent,femalePercent,nonbinaryPercent,significant,pValue,size,x_nose,y_nose,x_neck,y_neck,x_lshoulder,y_lshoulder,x_rshoulder,y_rshoulder,x_lelbow,y_lelbow,x_relbow,y_relbow,x_lwrist,y_lwrist,x_rwrist,y_rwrist,x_midhip,y_midhip,x_lhip,y_lhip,x_rhip,y_rhip,x_lknee,y_lknee,x_rknee,y_rknee,x_lankle,y_lankle,x_rankle,y_rankle,x_bigtoe,y_bigtoe,x_rbigtoe,y_rbigtoe
1,masculine,86.7,6.7,6.7,1,5.511419286220916e-09,45,0.126959,-0.365051,0.123470,-0.310642,0.189477,-0.305902,0.056846,-0.315783,0.213648,-0.202833,0.020915,-0.223268,0.162493,-0.149080,0.074821,-0.177428,0.114102,-0.158330,0.153183,-0.155565,0.075106,-0.161687,0.221147,-0.129390,0.006839,-0.176117,0.144982,-0.051469,0.045103,-0.054058,0.148766,-0.010106,0.027372,-0.012816
2,masculine,88.9,8.3,2.8,1,2.3193123965785794e-07,36,0.099549,-0.364850,0.104125,-0.307661,0.169108,-0.313041,0.039615,-0.300885,0.214021,-0.223916,0.013248,-0.197199,0.183652,-0.170870,0.052520,-0.131956,0.114592,-0.168044,0.153102,-0.171624,0.074958,-0.164221,0.225017,-0.152557,0.012978,-0.102783,0.178301,-0.049344,0.076327,-0.054869,0.191258,-0.007491,0.071056,-0.012230
3,masculine,76.7,10.0,13.3,1,5.263094277474756e-06,30,0.127506,-0.326350,0.133017,-0.277663,0.190172,-0.278584,0.073463,-0.277603,0.239655,-0.208528,0.010587,-0.223759,0.173289,-0.187349,0.064903,-0.214505,0.133656,-0.112311,0.172585,-0.112607,0.094588,-0.114515,0.228836,-0.176616,0.030699,-0.191503,0.194020,-0.039770,0.045024,-0.044859,0.199444,-0.004581,0.023985,-0.008840
4,masculine,84.7,11.4,3.9,1,3.878192055645454e-68,437,0.058888,-0.393042,0.061560,-0.340778,0.103640,-0.341033,0.019853,-0.340913,0.119728,-0.274300,0.004094,-0.274173,0.112993,-0.216532,0.006545,-0.216338,0.060284,-0.210339,0.087010,-0.210106,0.033655,-0.210398,0.092228,-0.117437,0.030305,-0.117450,0.097543,-0.029707,0.027540,-0.029946,0.104863,-0.002848,0.014880,-0.003739
5,masculine,83.3,13.2,3.6,1,6.552208273279327e-41,281,0.055119,-0.382799,0.059930,-0.335421,0.098830,-0.335633,0.021024,-0.335697,0.118756,-0.277048,0.004163,-0.278666,0.094607,-0.238616,0.018547,-0.242414,0.058187,-0.211059,0.082922,-0.210735,0.033193,-0.211492,0.087839,-0.118734,0.029553,-0.119567,0.093141,-0.029235,0.026536,-0.031559,0.095744,-0.003002,0.012148,-0.006835
6,neutral,85.7,14.3,0.0,0,,7,0.092876,-0.240214,0.087966,-0.183312,0.139130,-0.191560,0.040772,-0.171968,0.206647,-0.163725,0.011821,-0.103957,0.234881,-0.137895,0.022273,-0.069409,0.139766,-0.059998,0.167112,-0.076621,0.115150,-0.046992,0.251622,-0.138173,0.157067,-0.055559,0.340268,-0.044850,0.251594,-0.021468,0.384480,-0.034352,0.298147,-0.016583
7,masculine,79.8,14.6,5.6,1,5.701631506698622e-12,89,0.071429,-0.363391,0.069548,-0.317785,0.114890,-0.318497,0.023069,-0.317059,0.136072,-0.248606,0.009452,-0.243706,0.113340,-0.217058,0.045710,-0.216158,0.070589,-0.207121,0.099459,-0.207739,0.041273,-0.206229,0.152758,-0.172940,0.015193,-0.166196,0.150254,-0.050362,0.020799,-0.041241,0.168196,-0.016313,0.016230,-0.003963
8,masculine,80.1,15.6,4.3,1,1.1169516205193668e-26,211,0.070752,-0.380976,0.069751,-0.331682,0.111191,-0.331920,0.028681,-0.332026,0.130905,-0.271543,0.008317,-0.271953,0.120539,-0.223252,0.019828,-0.225133,0.069581,-0.206821,0.096232,-0.206864,0.043349,-0.206934,0.107564,-0.117773,0.032209,-0.118095,0.118447,-0.030670,0.023074,-0.031390,0.128066,-0.003616,0.010154,-0.004831
9,masculine,78.9,18.1,3.0,1,2.942175911009411e-27,237,0.070414,-0.386234,0.069715,-0.335219,0.113688,-0.336005,0.026350,-0.335102,0.134194,-0.272569,0.004402,-0.270742,0.130666,-0.216191,0.007363,-0.214082,0.070598,-0.205017,0.097904,-0.205315,0.043187,-0.204684,0.103340,-0.113861,0.045386,-0.113916,0.107390,-0.028339,0.047496,-0.029104,0.115564,-0.003322,0.041834,-0.003809
10,neutral,76.2,19.0,4.8,0,,21,0.138135,-0.348419,0.100849,-0.308817,0.146266,-0.304772,0.055343,-0.315045,0.181967,-0.231009,0.059539,-0.214423,0.197168,-0.209091,0.131052,-0.183969,0.040214,-0.175340,0.074958,-0.178374,0.005208,-0.174592,0.183918,-0.169405,0.085806,-0.153484,0.113124,-0.053249,0.029467,-0.045463,0.153325,-0.016297,0.061974,-0.005346
11,neutral,71.1,21.1,7.9,0,0.0005068659788994988,38,0.130897,-0.328889,0.133465,-0.279997,0.193780,-0.281220,0.072470,-0.279169,0.246674,-0.196267,0.024555,-0.197871,0.200635,-0.147079,0.069355,-0.159531,0.134906,-0.141793,0.173277,-0.141761,0.096020,-0.141928,0.254028,-0.147019,0.013913,-0.149803,0.199088,-0.043578,0.076228,-0.044918,0.219031,-0.006873,0.053776,-0.008634
12,masculine,71.0,22.6,6.5,1,5.8867804581310366e-08,93,0.095883,-0.355930,0.096381,-0.307314,0.148593,-0.307779,0.044825,-0.306499,0.173854,-0.233645,0.023172,-0.230593,0.135818,-0.202848,0.060406,-0.202007,0.097465,-0.185685,0.129362,-0.185791,0.064857,-0.185680,0.180635,-0.178273,0.014697,-0.176148,0.165486,-0.043758,0.028324,-0.044647,0.178342,-0.006592,0.014790,-0.007443
13,neutral,72.7,22.7,4.5,0,,22,0.044631,-0.328045,0.048197,-0.291204,0.076907,-0.297255,0.019346,-0.284583,0.113443,-0.268101,0.014688,-0.235255,0.122473,-0.250839,0.032817,-0.212927,0.071133,-0.194502,0.090594,-0.201753,0.051218,-0.185916,0.135909,-0.195731,0.067639,-0.118424,0.172379,-0.152752,0.082543,-0.030611,0.198533,-0.144127,0.088614,0.000000
14,masculine,73.8,23.0,3.2,1,4.461132359067176e-11,126,0.043016,-0.371562,0.044364,-0.329064,0.078378,-0.330357,0.010233,-0.328113,0.086029,-0.279513,0.009243,-0.274900,0.037376,-0.285147,0.058696,-0.284958,0.046405,-0.209811,0.069717,-0.210287,0.023209,-0.209286,0.077922,-0.118626,0.021513,-0.117519,0.083871,-0.030641,0.020658,-0.031322,0.096226,-0.005028,0.016861,-0.006090
15,masculine,71.1,23.5,5.4,1,9.990541217203943e-12,149,0.072417,-0.363100,0.069999,-0.321936,0.109717,-0.322019,0.030308,-0.322516,0.133618,-0.267382,0.003939,-0.269320,0.111519,-0.276105,0.029633,-0.268335,0.069897,-0.201017,0.095351,-0.201012,0.044645,-0.200798,0.104457,-0.113817,0.038582,-0.113133,0.109125,-0.031682,0.035163,-0.029629,0.121655,-0.005932,0.027210,-0.003711
16,neutral,71.9,25.0,3.1,0,0.005019582752150442,32,0.116807,-0.326191,0.117541,-0.293824,0.150039,-0.291062,0.085217,-0.295677,0.164790,-0.243735,0.058568,-0.251052,0.150570,-0.233887,0.063788,-0.231268,0.105095,-0.191968,0.126836,-0.187602,0.083656,-0.196548,0.127278,-0.128750,0.039579,-0.180319,0.112264,-0.027670,0.031479,-0.130414,0.111528,0.000000,0.006177,-0.113842
17,masculine,70.0,25.4,4.6,1,2.9847145768400603e-09,130,0.065895,-0.372168,0.067765,-0.327184,0.106324,-0.327035,0.029265,-0.327814,0.124639,-0.265201,0.003673,-0.272313,0.122271,-0.212417,0.025029,-0.290102,0.069095,-0.203022,0.094413,-0.203328,0.044077,-0.202604,0.101846,-0.116388,0.043246,-0.114879,0.109130,-0.033032,0.043895,-0.031369,0.117949,-0.006237,0.035831,-0.004855
18,neutral,70.4,25.9,3.7,0,0.0002997182087032553,54,0.123102,-0.332560,0.124560,-0.288503,0.172283,-0.288948,0.075646,-0.287871,0.195913,-0.214769,0.048696,-0.216155,0.152940,-0.186909,0.079382,-0.186727,0.123234,-0.170003,0.154604,-0.170613,0.091772,-0.170470,0.207455,-0.165802,0.029892,-0.161487,0.207189,-0.039077,0.030281,-0.035336,0.223206,-0.008471,0.001236,-0.005500
19,neutral,66.7,26.7,6.7,0,0.002445034402869166,45,0.096633,-0.359741,0.110290,-0.304311,0.167634,-0.309209,0.052571,-0.299591,0.195524,-0.219259,0.024725,-0.208166,0.127540,-0.202823,0.056649,-0.174953,0.127751,-0.157553,0.162214,-0.160262,0.089690,-0.155414,0.194165,-0.172177,0.003678,-0.135363,0.181445,-0.045918,0.102105,-0.070078,0.174899,-0.001279,0.091208,-0.026655
20,neutral,64.0,28.0,8.0,0,0.0442277466033997,25,0.263647,-0.267168,0.234272,-0.238009,0.260711,-0.213332,0.207452,-0.264284,0.233311,-0.158356,0.155601,-0.241886,0.210199,-0.146114,0.154184,-0.214693,0.157576,-0.156134,0.174520,-0.141265,0.140418,-0.172540,0.124161,-0.079758,0.080261,-0.121752,0.067844,-0.020674,0.025422,-0.057129,0.050276,-0.000006,0.000681,-0.045823
21,masculine,66.7,28.0,5.3,1,1.5943020458205335e-17,321,0.049720,-0.394948,0.051843,-0.343430,0.090100,-0.343826,0.013834,-0.343174,0.104133,-0.278550,0.002552,-0.277220,0.098262,-0.222510,0.005583,-0.220701,0.051055,-0.216324,0.075682,-0.216156,0.026323,-0.216395,0.077512,-0.121453,0.024730,-0.121188,0.079129,-0.031011,0.022772,-0.030373,0.083549,-0.004409,0.013977,-0.003862
22,neutral,65.0,30.0,5.0,0,,20,0.113813,-0.315438,0.131355,-0.278617,0.188391,-0.286953,0.076465,-0.269755,0.230818,-0.210067,0.031860,-0.187419,0.198785,-0.176102,0.009106,-0.135533,0.160635,-0.151107,0.198333,-0.153525,0.124075,-0.148832,0.194581,-0.153003,0.051624,-0.139436,0.195272,-0.041548,0.129535,-0.059960,0.183827,-0.005798,0.117695,-0.023995
23,neutral,70.0,30.0,0.0,0,,10,0.082231,-0.318944,0.070643,-0.265157,0.118666,-0.266518,0.021057,-0.266318,0.173023,-0.202633,0.032390,-0.188312,0.199059,-0.175987,0.093851,-0.161645,0.073956,-0.112533,0.108520,-0.120731,0.041670,-0.105844,0.209059,-0.167982,0.075876,-0.129788,0.263541,-0.037873,0.178400,-0.034073,0.319687,-0.014087,0.228055,-0.027254
24,masculine,66.0,30.6,3.5,1,3.0551050429768895e-07,144,0.072127,-0.382445,0.058532,-0.336605,0.093415,-0.336649,0.023972,-0.336776,0.106422,-0.278765,0.003502,-0.273530,0.109194,-0.234380,0.037561,-0.234806,0.061747,-0.211249,0.084406,-0.211912,0.039444,-0.210887,0.082240,-0.121824,0.035798,-0.118932,0.075997,-0.036745,0.023705,-0.027640,0.104762,-0.014928,0.040110,-0.001224
25,neutral,65.7,31.4,2.9,0,0.029558719765642852,35,0.029708,-0.326723,0.046951,-0.286125,0.081276,-0.300495,0.012388,-0.272029,0.120788,-0.252315,0.018678,-0.212088,0.132400,-0.218632,0.046691,-0.186839,0.104360,-0.178973,0.125437,-0.190582,0.082510,-0.168923,0.186430,-0.128215,0.140746,-0.109367,0.214904,-0.042236,0.183738,-0.029675,0.234864,-0.018322,0.203040,-0.005078
26,neutral,61.1,31.5,7.4,0,0.007097603032441202,54,0.061165,-0.353030,0.073372,-0.314935,0.108819,-0.315536,0.038014,-0.314131,0.123327,-0.253122,0.021360,-0.262515,0.096310,-0.214705,0.031863,-0.239244,0.079286,-0.215993,0.102518,-0.213492,0.055290,-0.218546,0.111190,-0.142242,0.013368,-0.201142,0.111394,-0.033990,0.039427,-0.114461,0.106012,0.000000,0.025296,-0.084051
27,neutral,63.2,31.6,5.3,0,,19,0.174858,-0.262630,0.180892,-0.227098,0.219015,-0.225838,0.142762,-0.227199,0.235548,-0.169033,0.113463,-0.184081,0.230315,-0.142673,0.104191,-0.157728,0.175962,-0.124511,0.202982,-0.124120,0.150110,-0.126890,0.249580,-0.089956,0.088348,-0.101924,0.262693,-0.026333,0.036214,-0.027366,0.278891,-0.012350,0.003137,-0.016549
28,neutral,63.2,32.9,3.9,0,0.0021347747018621807,76,0.103139,-0.337512,0.108448,-0.299216,0.143347,-0.299115,0.073546,-0.299758,0.160883,-0.246388,0.035205,-0.267393,0.148582,-0.217093,0.003089,-0.267876,0.110409,-0.187255,0.133469,-0.186814,0.087557,-0.187208,0.143890,-0.107476,0.083335,-0.109375,0.154813,-0.029267,0.093101,-0.032454,0.156057,-0.003340,0.080728,-0.008831
29,neutral,55.6,33.3,11.1,0,,9,0.131357,-0.254422,0.130706,-0.227223,0.163803,-0.231283,0.095308,-0.223224,0.203792,-0.201386,0.045422,-0.202187,0.223419,-0.204433,0.000000,-0.189039,0.150953,-0.135277,0.170671,-0.139935,0.127644,-0.133473,0.223781,-0.096189,0.148000,-0.124965,0.243917,-0.028710,0.177875,-0.058818,0.269492,-0.010794,0.193099,-0.040038
30,neutral,59.0,35.9,5.1,0,0.1164545183045848,39,0.118488,-0.307619,0.121094,-0.271799,0.155495,-0.269218,0.086844,-0.273709,0.188122,-0.228881,0.046952,-0.259986,0.198455,-0.219864,0.036740,-0.286439,0.117875,-0.161651,0.142687,-0.160884,0.093773,-0.162373,0.183048,-0.100616,0.046504,-0.109275,0.202803,-0.040212,0.039917,-0.030616,0.217464,-0.013504,0.018664,-0.007806
31,neutral,58.0,36.0,6.0,0,0.06475202510786936,50,0.060592,-0.356284,0.055369,-0.312329,0.093410,-0.315125,0.017580,-0.309961,0.116825,-0.263540,0.008481,-0.244875,0.104381,-0.242661,0.036470,-0.204223,0.061142,-0.210885,0.085786,-0.214954,0.036075,-0.207318,0.138296,-0.217137,0.026866,-0.147547,0.114043,-0.120948,0.037061,-0.035056,0.131579,-0.091940,0.042650,0.000000
32,neutral,61.1,36.1,2.8,0,0.010641918189665684,72,0.091873,-0.384677,0.092651,-0.329525,0.149581,-0.327671,0.034104,-0.330674,0.164217,-0.235398,0.015615,-0.238104,0.127544,-0.185000,0.053124,-0.187757,0.086294,-0.192098,0.122035,-0.190846,0.049580,-0.193650,0.157368,-0.147529,0.012888,-0.157221,0.119588,-0.051404,0.039048,-0.050140,0.118710,-0.008514,0.033706,-0.007199
33,neutral,54.5,36.4,9.1,0,,22,0.093010,-0.338245,0.095468,-0.299938,0.129949,-0.297670,0.060680,-0.301060,0.161035,-0.259913,0.029221,-0.261204,0.163216,-0.262575,0.017315,-0.266361,0.084754,-0.197065,0.106799,-0.192198,0.063598,-0.200800,0.095618,-0.111594,0.021832,-0.164041,0.086103,-0.028306,0.065259,-0.122051,0.075871,0.000000,0.058943,-0.095060
34,neutral,58.2,37.5,4.3,0,6.73667548294333e-05,208,0.064391,-0.378198,0.062460,-0.332297,0.102506,-0.333126,0.021860,-0.331812,0.123602,-0.271510,0.006719,-0.266264,0.101244,-0.301537,0.007791,-0.210448,0.061808,-0.206152,0.086896,-0.205812,0.036665,-0.206264,0.087658,-0.115734,0.032550,-0.117529,0.088408,-0.033341,0.032952,-0.036879,0.091615,-0.005010,0.025457,-0.009230
35,neutral,59.4,37.5,3.1,0,0.1934582542075586,32,0.070448,-0.355893,0.049677,-0.309044,0.091341,-0.309667,0.008127,-0.308335,0.115204,-0.240346,0.020430,-0.224380,0.128915,-0.212771,0.091390,-0.207644,0.043322,-0.184023,0.073670,-0.189410,0.012741,-0.179529,0.163282,-0.179401,0.078114,-0.167875,0.183819,-0.050004,0.094847,-0.034143,0.226118,-0.024094,0.131842,-0.007542
36,neutral,54.9,38.0,7.0,0,0.03809920092600445,71,0.092807,-0.357763,0.091397,-0.314366,0.128508,-0.314076,0.054832,-0.315015,0.146939,-0.256479,0.033670,-0.260542,0.136704,-0.222693,0.038599,-0.227806,0.089270,-0.202404,0.115640,-0.202388,0.064357,-0.202469,0.138049,-0.120513,0.036924,-0.120856,0.155921,-0.030596,0.022735,-0.030876,0.166004,-0.005491,0.009316,-0.006031
37,neutral,57.0,38.3,4.7,0,0.005446243763301261,128,0.073241,-0.372774,0.074082,-0.325889,0.115876,-0.327076,0.032748,-0.325052,0.136052,-0.266314,0.007045,-0.267644,0.131876,-0.214160,0.012721,-0.219190,0.077956,-0.202126,0.104669,-0.203171,0.052315,-0.201063,0.121618,-0.116013,0.057012,-0.113324,0.136478,-0.030802,0.068844,-0.032365,0.151328,-0.003710,0.068869,-0.005656
38,neutral,56.6,39.0,4.4,0,9.111857540284717e-05,249,0.056371,-0.383561,0.057916,-0.335496,0.099185,-0.338692,0.017682,-0.332845,0.120709,-0.278589,0.001900,-0.267591,0.120262,-0.227901,0.012472,-0.214828,0.067952,-0.209034,0.093401,-0.210835,0.042542,-0.207238,0.101350,-0.119511,0.051824,-0.115498,0.099914,-0.034753,0.062972,-0.028402,0.107099,-0.007123,0.067352,-0.002806
39,neutral,56.6,39.2,4.2,0,0.0009739010408452605,189,0.053360,-0.382476,0.055730,-0.333231,0.095506,-0.336868,0.015694,-0.330137,0.116314,-0.274482,0.002312,-0.262643,0.116016,-0.221667,0.012709,-0.208689,0.066442,-0.207656,0.092134,-0.210161,0.040535,-0.205231,0.115248,-0.121375,0.048152,-0.114173,0.131534,-0.032153,0.056965,-0.028990,0.154316,-0.006902,0.059066,-0.003140
40,neutral,60.6,39.4,0.0,0,0.09891528436981069,33,0.078837,-0.357876,0.109194,-0.314018,0.153863,-0.311346,0.064195,-0.314988,0.144373,-0.210361,0.035377,-0.239152,0.065392,-0.180761,0.026257,-0.223393,0.149520,-0.185670,0.183337,-0.182414,0.115245,-0.188739,0.125414,-0.158776,0.018817,-0.184103,0.153462,-0.043237,0.055853,-0.060096,0.124383,-0.003710,0.020543,-0.022963
41,neutral,53.3,40.0,6.7,0,,15,0.151904,-0.258278,0.143641,-0.229122,0.183709,-0.225563,0.102201,-0.235197,0.234566,-0.242398,0.053959,-0.266657,0.279900,-0.269906,0.012919,-0.306952,0.128232,-0.106595,0.154140,-0.106014,0.101285,-0.110584,0.211069,-0.092531,0.084581,-0.086651,0.167961,-0.031726,0.072633,-0.033938,0.180090,-0.006037,0.062751,-0.005706
42,masculine,58.0,40.1,1.9,1,1.0614330589579488e-07,362,0.072633,-0.388211,0.070184,-0.339517,0.110704,-0.337186,0.030119,-0.342054,0.123881,-0.272124,0.010223,-0.278862,0.119234,-0.215718,0.010366,-0.223488,0.062623,-0.213554,0.088311,-0.211790,0.036948,-0.215154,0.081455,-0.119140,0.025460,-0.121722,0.072914,-0.032330,0.018072,-0.032646,0.073147,-0.004779,0.006824,-0.004720
43,neutral,55.6,40.7,3.7,0,0.44563494008728766,27,0.064596,-0.363107,0.068036,-0.315929,0.106042,-0.315562,0.027724,-0.316360,0.116013,-0.247844,0.013264,-0.256783,0.093897,-0.209790,0.031283,-0.241446,0.066250,-0.205324,0.091216,-0.204363,0.040912,-0.206423,0.079416,-0.144760,0.015425,-0.188442,0.069374,-0.032856,0.114525,-0.146683,0.049829,0.000000,0.140533,-0.118088
44,neutral,54.0,42.0,4.0,0,0.3150182896488794,50,0.025467,-0.357531,0.038169,-0.314392,0.073908,-0.326820,0.003178,-0.302304,0.106970,-0.272832,0.011687,-0.235527,0.099512,-0.264000,0.032228,-0.200454,0.081492,-0.198547,0.104611,-0.206906,0.058407,-0.190885,0.143936,-0.127824,0.081870,-0.108440,0.173878,-0.049080,0.112075,-0.026803,0.192478,-0.025599,0.120064,-0.001781
45,neutral,53.2,42.3,4.5,0,0.009891832855653739,220,0.059304,-0.371636,0.061005,-0.328563,0.098067,-0.328216,0.023999,-0.329060,0.114873,-0.269779,0.006048,-0.271317,0.087637,-0.278150,0.026118,-0.282769,0.057516,-0.207879,0.081698,-0.207177,0.033884,-0.208565,0.081004,-0.115872,0.028846,-0.117385,0.080160,-0.030305,0.027743,-0.031741,0.079623,-0.004131,0.017718,-0.005598
46,neutral,51.4,42.9,5.7,0,0.505635864020709,35,0.202028,-0.314613,0.186838,-0.277042,0.218785,-0.261335,0.155653,-0.292842,0.207512,-0.202771,0.115710,-0.252211,0.187138,-0.189829,0.109156,-0.229453,0.132520,-0.181278,0.152069,-0.169971,0.112564,-0.192047,0.112567,-0.102976,0.063297,-0.128648,0.082028,-0.028143,0.025946,-0.055398,0.069604,-0.000788,0.000384,-0.036574
47,neutral,47.0,43.0,10.0,0,0.0045620050819991384,100,0.116317,-0.302139,0.116875,-0.269748,0.149302,-0.269905,0.084238,-0.270255,0.193164,-0.268622,0.041067,-0.270589,0.230444,-0.283534,0.000000,-0.286844,0.116727,-0.167164,0.136960,-0.167106,0.096702,-0.167291,0.137511,-0.094022,0.094871,-0.093520,0.136356,-0.026971,0.096188,-0.023956,0.137534,-0.005656,0.092176,-0.002999
48,neutral,46.7,43.3,10.0,0,0.20359552120005503,30,0.152015,-0.321804,0.157587,-0.279734,0.193209,-0.275829,0.122675,-0.283768,0.192321,-0.206658,0.099461,-0.228813,0.153653,-0.172534,0.102012,-0.197794,0.147467,-0.176025,0.172385,-0.171014,0.121455,-0.181700,0.164802,-0.125465,0.058969,-0.168918,0.165618,-0.035346,0.034938,-0.075825,0.155321,-0.003675,0.000639,-0.053466
49,neutral,52.1,43.8,4.2,0,0.4702456877319695,48,0.080030,-0.351027,0.077105,-0.307517,0.117389,-0.308633,0.035950,-0.305698,0.137880,-0.246823,0.008717,-0.245877,0.139840,-0.205412,0.020629,-0.211945,0.084724,-0.197964,0.110471,-0.200410,0.057002,-0.195127,0.167973,-0.162793,0.074551,-0.139628,0.161866,-0.054208,0.087658,-0.030846,0.187249,-0.024136,0.106025,-0.001607
50,neutral,37.5,43.8,18.8,0,,16,0.177860,-0.253731,0.172985,-0.211117,0.221763,-0.209688,0.124269,-0.211388,0.275011,-0.169962,0.058447,-0.171160,0.319678,-0.159198,0.000000,-0.164266,0.172172,-0.097096,0.203031,-0.097912,0.140593,-0.098289,0.249686,-0.104998,0.116593,-0.113543,0.192700,-0.031013,0.165591,-0.025712,0.189150,-0.007811,0.177716,-0.004078
51,neutral,50.0,43.9,6.1,0,0.18453882166750868,98,0.070149,-0.357039,0.068691,-0.314747,0.106501,-0.318306,0.030924,-0.311445,0.136008,-0.269697,0.004693,-0.258792,0.123353,-0.276404,0.027362,-0.244460,0.081069,-0.196709,0.104780,-0.198970,0.057614,-0.194394,0.124264,-0.115594,0.065104,-0.109060,0.132219,-0.034142,0.075315,-0.028602,0.150581,-0.008839,0.080750,-0.003293
52,neutral,55.9,44.1,0.0,0,0.2205747559714228,34,0.154245,-0.297862,0.151152,-0.254044,0.195075,-0.255877,0.107741,-0.253429,0.220960,-0.203893,0.087555,-0.190745,0.202083,-0.189346,0.100235,-0.160193,0.145539,-0.145928,0.174917,-0.147733,0.116047,-0.145159,0.230668,-0.152826,0.052431,-0.126489,0.233732,-0.043154,0.031684,-0.034860,0.258021,-0.018166,0.000000,-0.007223
53,neutral,55.6,44.4,0.0,0,,9,0.074821,-0.321353,0.094525,-0.290442,0.076283,-0.287470,0.113185,-0.291761,0.039648,-0.272774,0.134549,-0.271092,0.009568,-0.286307,0.149061,-0.272846,0.104331,-0.181496,0.088845,-0.180034,0.116356,-0.182044,0.085772,-0.094994,0.132451,-0.108208,0.086418,-0.014290,0.149184,-0.029757,0.073156,-0.003883,0.145595,-0.012678
54,neutral,47.4,44.7,7.9,0,0.3752331600836749,38,0.135340,-0.311953,0.130036,-0.282500,0.164871,-0.276379,0.095964,-0.289749,0.204306,-0.243450,0.049785,-0.275990,0.232349,-0.229162,0.017149,-0.276020,0.107244,-0.183948,0.129808,-0.178556,0.084823,-0.189478,0.123903,-0.108328,0.046198,-0.124741,0.107235,-0.026310,0.029935,-0.055879,0.107356,-0.002363,0.015884,-0.030621
55,neutral,46.8,45.2,8.1,0,0.0074314902596461785,186,0.055562,-0.370859,0.056792,-0.327313,0.093618,-0.329928,0.019801,-0.325099,0.114957,-0.275518,0.002010,-0.268726,0.095996,-0.252122,0.026802,-0.251189,0.064456,-0.208516,0.088670,-0.210282,0.040531,-0.206931,0.102811,-0.120759,0.047228,-0.118043,0.114764,-0.033377,0.054862,-0.033886,0.128501,-0.005276,0.053812,-0.007293
56,neutral,52.5,45.3,2.2,0,0.0755368647645781,139,0.059810,-0.370567,0.059266,-0.328563,0.095101,-0.326984,0.023381,-0.330533,0.108696,-0.269885,0.008009,-0.273349,0.093605,-0.237968,0.022644,-0.241815,0.055072,-0.215785,0.077404,-0.213634,0.032492,-0.217460,0.067713,-0.123159,0.028490,-0.148009,0.058389,-0.029823,0.038553,-0.128267,0.054085,0.000000,0.034537,-0.099716
57,neutral,54.5,45.5,0.0,0,0.180570822561502,44,0.088978,-0.370097,0.104541,-0.320758,0.141464,-0.319603,0.066887,-0.321868,0.139577,-0.243921,0.048583,-0.257727,0.091563,-0.218033,0.042491,-0.235385,0.101184,-0.206155,0.125945,-0.201510,0.075264,-0.210082,0.073173,-0.155288,0.016034,-0.181656,0.061070,-0.032205,0.041589,-0.072284,0.028355,-0.000796,0.018057,-0.039338
58,neutral,49.2,45.9,4.9,0,0.5859584847536194,61,0.097527,-0.362180,0.100274,-0.316229,0.146928,-0.317720,0.053910,-0.315488,0.177284,-0.253572,0.024062,-0.251797,0.193086,-0.200690,0.004378,-0.199699,0.101095,-0.191898,0.130800,-0.192027,0.071941,-0.191472,0.136338,-0.115013,0.060347,-0.113696,0.131123,-0.037920,0.070795,-0.036421,0.128201,-0.006243,0.068133,-0.005783
59,neutral,53.3,46.7,0.0,0,,15,0.051485,-0.296291,0.056143,-0.259359,0.090681,-0.274123,0.020476,-0.243782,0.129122,-0.228282,0.017322,-0.180572,0.141233,-0.201570,0.043833,-0.151080,0.107566,-0.164314,0.128143,-0.177206,0.085618,-0.151538,0.199547,-0.183023,0.142218,-0.115734,0.256294,-0.098451,0.190656,-0.024384,0.294891,-0.084464,0.226996,-0.001903
60,neutral,48.1,48.1,3.7,0,0.7004558068553681,81,0.086461,-0.345432,0.089008,-0.304494,0.125208,-0.304118,0.053076,-0.305055,0.156784,-0.264789,0.020808,-0.266810,0.177236,-0.278014,0.004235,-0.283597,0.086372,-0.191393,0.110269,-0.190533,0.062996,-0.191857,0.110738,-0.109420,0.058905,-0.108915,0.108734,-0.031449,0.062523,-0.029957,0.112093,-0.006080,0.055852,-0.005373
61,neutral,29.6,48.1,22.2,0,8.360783351790557e-06,27,0.102370,-0.295785,0.100352,-0.263898,0.133629,-0.263982,0.067044,-0.264491,0.175759,-0.283881,0.028308,-0.281566,0.199203,-0.314567,0.009885,-0.311399,0.098303,-0.155321,0.120747,-0.155534,0.075638,-0.155391,0.158574,-0.100476,0.052457,-0.097148,0.169461,-0.034611,0.043912,-0.029136,0.185495,-0.009994,0.032504,-0.004601
62,neutral,47.6,48.5,4.0,0,0.45758270499237264,227,0.089922,-0.376858,0.092021,-0.329023,0.129819,-0.326818,0.053783,-0.331867,0.145045,-0.264192,0.034718,-0.271235,0.137410,-0.212203,0.032328,-0.219948,0.083856,-0.207708,0.108266,-0.205997,0.058970,-0.209291,0.104536,-0.117538,0.039801,-0.121308,0.098460,-0.031894,0.023340,-0.031964,0.092997,-0.005759,0.003048,-0.005547
63,neutral,49.0,49.0,1.9,0,0.12014301858220539,208,0.075731,-0.372015,0.075189,-0.328948,0.113103,-0.327397,0.036536,-0.330631,0.135139,-0.275198,0.013277,-0.277478,0.121616,-0.245180,0.026222,-0.244305,0.070029,-0.209375,0.094844,-0.208247,0.045345,-0.210403,0.090018,-0.119074,0.031475,-0.120167,0.082341,-0.035175,0.019622,-0.030706,0.082156,-0.007680,0.006250,-0.003368
64,neutral,49.4,49.4,1.3,0,0.3207594419415706,79,0.130120,-0.307070,0.129156,-0.272679,0.163818,-0.272836,0.094256,-0.273430,0.203673,-0.247663,0.049225,-0.255546,0.239981,-0.234297,0.000000,-0.248580,0.129098,-0.169550,0.149813,-0.169404,0.107249,-0.169732,0.154161,-0.097709,0.106880,-0.097518,0.147693,-0.027741,0.106787,-0.026748,0.149350,-0.005509,0.105506,-0.004518
65,neutral,47.4,50.0,2.6,0,0.674249345296196,78,0.096098,-0.309185,0.094418,-0.276451,0.125428,-0.276376,0.063266,-0.276735,0.166387,-0.287442,0.021853,-0.287013,0.181530,-0.318544,0.004109,-0.321451,0.095647,-0.173459,0.116065,-0.173473,0.075284,-0.173113,0.120225,-0.098174,0.076190,-0.096711,0.120286,-0.026379,0.076743,-0.027164,0.123170,-0.004980,0.071499,-0.005540
66,neutral,43.8,50.0,6.2,0,,16,0.068616,-0.331446,0.072059,-0.284801,0.120968,-0.289115,0.021285,-0.279628,0.156379,-0.214064,0.006696,-0.207089,0.140487,-0.195940,0.051303,-0.213842,0.092347,-0.156622,0.124804,-0.160091,0.060124,-0.153397,0.214703,-0.169900,0.028177,-0.163517,0.261273,-0.046399,0.046248,-0.049751,0.299823,-0.017765,0.049869,-0.014392
67,neutral,37.5,50.0,12.5,0,,8,0.094584,-0.280286,0.113870,-0.248904,0.137122,-0.258606,0.089734,-0.239276,0.129284,-0.263655,0.067794,-0.205198,0.094220,-0.277976,0.047349,-0.201868,0.145054,-0.146879,0.169461,-0.148317,0.123199,-0.145844,0.227449,-0.084427,0.065969,-0.105449,0.292925,-0.024885,0.041366,-0.027190,0.308037,-0.001079,0.014596,-0.010040
68,neutral,39.3,50.0,10.7,0,0.19849615262989764,28,0.175819,-0.297082,0.185545,-0.260619,0.219592,-0.261068,0.153626,-0.260142,0.221536,-0.201953,0.131545,-0.205033,0.201525,-0.183728,0.126476,-0.182951,0.169469,-0.160668,0.192373,-0.157004,0.145838,-0.163919,0.158710,-0.132051,0.078084,-0.130379,0.154699,-0.040273,0.034887,-0.033313,0.134941,-0.017498,0.001065,-0.012732
69,neutral,49.0,50.3,0.7,0,0.062434848616773286,153,0.080485,-0.378532,0.086468,-0.332384,0.120033,-0.329670,0.052885,-0.335355,0.127783,-0.265034,0.036719,-0.275690,0.100099,-0.221541,0.033040,-0.231921,0.072597,-0.213671,0.094987,-0.210874,0.049992,-0.216087,0.091604,-0.120309,0.033378,-0.127735,0.087857,-0.031600,0.026969,-0.038023,0.073446,-0.005156,0.003931,-0.012148
70,neutral,43.7,50.4,5.9,0,0.578322127929412,119,0.052805,-0.394159,0.039854,-0.346108,0.068756,-0.345653,0.010120,-0.346080,0.076386,-0.283020,0.002085,-0.276396,0.085219,-0.234816,0.022618,-0.219989,0.044060,-0.220566,0.063257,-0.221105,0.024879,-0.219610,0.057346,-0.126518,0.025866,-0.123881,0.041477,-0.040513,0.014859,-0.026117,0.069927,-0.016832,0.039760,-0.000300
71,neutral,41.0,51.3,7.7,0,0.5084145870316884,39,0.070074,-0.309897,0.071482,-0.280418,0.099617,-0.281156,0.043229,-0.279645,0.130284,-0.305482,0.013871,-0.299855,0.118646,-0.334881,0.030244,-0.327494,0.074279,-0.179882,0.094787,-0.180858,0.053794,-0.178719,0.117080,-0.110131,0.043996,-0.103925,0.134930,-0.038648,0.044181,-0.029912,0.144917,-0.014776,0.040920,-0.005621
72,neutral,45.5,51.5,3.0,0,0.7447699174865459,165,0.058015,-0.380931,0.057789,-0.334741,0.096530,-0.336482,0.019032,-0.333142,0.113456,-0.278063,0.002740,-0.270625,0.112835,-0.232042,0.009334,-0.219617,0.062147,-0.214267,0.086383,-0.215424,0.037948,-0.212969,0.092850,-0.130374,0.044685,-0.120965,0.076595,-0.073948,0.052057,-0.030219,0.085264,-0.042884,0.059139,-0.000012
73,neutral,43.9,53.0,3.0,0,0.916873640015066,66,0.101393,-0.351059,0.101668,-0.310273,0.136495,-0.304487,0.067915,-0.316676,0.148245,-0.244972,0.030461,-0.291752,0.137875,-0.201578,0.039586,-0.320405,0.087376,-0.197530,0.110648,-0.194578,0.064562,-0.200542,0.106041,-0.112097,0.041289,-0.119910,0.101205,-0.028931,0.032722,-0.036983,0.089818,-0.002917,0.009097,-0.013656
74,neutral,40.4,53.2,6.4,0,0.4744692676622365,94,0.042496,-0.376486,0.045820,-0.329460,0.082257,-0.333328,0.008858,-0.325669,0.103920,-0.274799,0.003627,-0.259993,0.100865,-0.233597,0.025605,-0.218341,0.064486,-0.210285,0.087724,-0.213904,0.041150,-0.206645,0.103936,-0.127692,0.071286,-0.120539,0.096940,-0.035349,0.114331,-0.036740,0.102448,-0.007006,0.131788,-0.006829
75,neutral,42.6,53.8,3.6,0,0.8656526580637641,303,0.052546,-0.383343,0.053573,-0.336014,0.091054,-0.337394,0.016214,-0.334709,0.106728,-0.275433,0.003102,-0.270672,0.102988,-0.222815,0.005794,-0.216075,0.056369,-0.216079,0.080951,-0.216948,0.031523,-0.215258,0.098558,-0.124776,0.035761,-0.122672,0.116591,-0.033075,0.043545,-0.034056,0.133070,-0.004053,0.043371,-0.006445
76,neutral,40.1,54.1,5.9,0,0.10495372032550963,392,0.053604,-0.389703,0.054537,-0.340825,0.093384,-0.342373,0.015453,-0.339631,0.110554,-0.278629,0.002131,-0.272685,0.109982,-0.223300,0.006202,-0.215758,0.058424,-0.214650,0.083479,-0.215448,0.033825,-0.213688,0.086596,-0.121156,0.040244,-0.119536,0.084253,-0.033462,0.047882,-0.029639,0.088838,-0.004735,0.050842,-0.002237
77,neutral,45.8,54.2,0.0,0,,24,0.088097,-0.286208,0.096347,-0.257351,0.126026,-0.266318,0.067368,-0.247287,0.168430,-0.260439,0.035625,-0.220050,0.202643,-0.266230,0.001080,-0.204782,0.131376,-0.169926,0.150671,-0.176729,0.111460,-0.162662,0.186412,-0.119578,0.124788,-0.090587,0.224977,-0.072284,0.136341,-0.019542,0.240523,-0.049545,0.133942,-0.000006
78,neutral,45.8,54.2,0.0,0,0.2881472510571849,59,0.126094,-0.343960,0.131338,-0.301281,0.167417,-0.299911,0.094988,-0.302589,0.177325,-0.236344,0.078094,-0.244937,0.160028,-0.199455,0.077211,-0.215409,0.121795,-0.191806,0.146219,-0.189032,0.096707,-0.193890,0.147708,-0.119425,0.048073,-0.130669,0.146378,-0.032255,0.033574,-0.037330,0.139603,-0.004600,0.002823,-0.014647
79,neutral,41.4,54.3,4.3,0,0.9398896015397696,70,0.062681,-0.365117,0.063061,-0.323244,0.101230,-0.326046,0.024652,-0.320749,0.122653,-0.270779,0.004665,-0.261969,0.121551,-0.236284,0.015480,-0.221996,0.073052,-0.208816,0.097011,-0.211634,0.048994,-0.206272,0.120719,-0.142114,0.061228,-0.119084,0.095703,-0.104620,0.071355,-0.027616,0.102381,-0.074616,0.080530,0.000000
80,neutral,41.6,54.6,3.8,0,0.7986740148373755,238,0.061963,-0.382283,0.062525,-0.336242,0.101028,-0.334349,0.024078,-0.338395,0.115613,-0.272171,0.005996,-0.278660,0.106859,-0.222075,0.009022,-0.231974,0.055629,-0.217050,0.079501,-0.215399,0.031316,-0.218827,0.072095,-0.122051,0.027084,-0.133272,0.063330,-0.029559,0.043965,-0.085133,0.054653,-0.000000,0.037159,-0.054139
81,neutral,41.9,54.8,3.2,0,0.9032584527736095,62,0.076407,-0.341182,0.079595,-0.302506,0.111359,-0.295359,0.047841,-0.309359,0.127880,-0.242371,0.012636,-0.339255,0.125234,-0.201260,0.016042,-0.377705,0.070464,-0.191408,0.091628,-0.189585,0.049014,-0.193059,0.094677,-0.108799,0.040740,-0.109412,0.101087,-0.033405,0.043203,-0.030400,0.098005,-0.007160,0.033572,-0.004986
82,neutral,43.6,55.1,1.3,0,0.45508611577571134,78,0.155580,-0.346161,0.142497,-0.306666,0.177286,-0.295288,0.108142,-0.318373,0.178353,-0.236864,0.073752,-0.272061,0.160982,-0.224472,0.072180,-0.239353,0.100808,-0.194850,0.121981,-0.186683,0.079835,-0.202355,0.089991,-0.106274,0.048603,-0.122471,0.057800,-0.030497,0.021073,-0.043088,0.047133,-0.005568,0.006351,-0.018315
83,neutral,38.5,55.4,6.2,0,0.5476523698058644,65,0.106010,-0.327163,0.108802,-0.290675,0.141902,-0.284982,0.074270,-0.296659,0.161085,-0.232664,0.030686,-0.310109,0.164571,-0.193273,0.004205,-0.338687,0.103800,-0.180980,0.124543,-0.179240,0.082789,-0.182344,0.123495,-0.104184,0.083588,-0.106208,0.122680,-0.029237,0.097218,-0.031647,0.119201,-0.006030,0.093591,-0.007962
84,neutral,40.7,55.6,3.7,0,0.949265528567448,27,0.135977,-0.342134,0.154227,-0.296994,0.190436,-0.296895,0.117596,-0.298036,0.194831,-0.222721,0.100664,-0.233099,0.158976,-0.189102,0.080716,-0.196292,0.154836,-0.181041,0.179568,-0.175752,0.129913,-0.185608,0.113071,-0.146109,0.059201,-0.160425,0.082062,-0.038171,0.040771,-0.044153,0.041585,-0.012211,0.008675,-0.018119
85,neutral,41.1,56.1,2.8,0,0.6668262269613321,107,0.050535,-0.372931,0.049826,-0.330535,0.084166,-0.331722,0.015165,-0.329788,0.098461,-0.275370,0.003554,-0.270271,0.087737,-0.241698,0.016838,-0.233075,0.050190,-0.218516,0.072471,-0.219773,0.027904,-0.216944,0.080282,-0.150852,0.035952,-0.124725,0.066064,-0.112916,0.042929,-0.028367,0.072047,-0.085032,0.049988,0.000000
86,neutral,40.0,57.3,2.7,0,0.6373494323214308,75,0.107733,-0.368459,0.098291,-0.326212,0.132845,-0.319614,0.062762,-0.332786,0.137518,-0.258171,0.037831,-0.278822,0.122603,-0.235341,0.045646,-0.255417,0.070642,-0.209587,0.092554,-0.204799,0.047988,-0.214159,0.068272,-0.117330,0.034850,-0.125784,0.036010,-0.036407,0.024891,-0.039250,0.025137,-0.006921,0.018748,-0.012286
87,neutral,33.3,58.3,8.3,0,,12,0.016541,-0.261174,0.046670,-0.224030,0.071936,-0.248807,0.018514,-0.200214,0.124607,-0.224640,0.040002,-0.148055,0.140648,-0.212687,0.085338,-0.137564,0.132450,-0.139562,0.148053,-0.157898,0.117065,-0.124165,0.220139,-0.109886,0.197386,-0.075447,0.284596,-0.047490,0.272455,-0.014030,0.314065,-0.038468,0.303383,-0.008089
88,neutral,38.3,58.4,3.3,0,0.2144711101462477,214,0.048972,-0.381497,0.053012,-0.335787,0.090016,-0.337407,0.016012,-0.334625,0.106470,-0.276654,0.003979,-0.274273,0.098532,-0.225574,0.006511,-0.223600,0.054527,-0.220177,0.077844,-0.220423,0.031145,-0.219538,0.084531,-0.128999,0.040443,-0.133643,0.092750,-0.034540,0.051156,-0.057948,0.092467,-0.000015,0.042557,-0.028668
89,neutral,36.6,58.9,4.5,0,0.3384921096789726,112,0.089364,-0.359487,0.095504,-0.317286,0.128659,-0.315896,0.062089,-0.319246,0.142919,-0.255179,0.035085,-0.275802,0.134939,-0.205140,0.001013,-0.270296,0.091927,-0.201243,0.114001,-0.200157,0.070456,-0.202116,0.112412,-0.113172,0.070476,-0.115727,0.113479,-0.028294,0.083245,-0.036267,0.099687,-0.003793,0.068906,-0.010771
90,neutral,38.6,59.0,2.4,0,0.42805054238881,83,0.063871,-0.381218,0.067025,-0.329100,0.112868,-0.327909,0.020299,-0.329605,0.121240,-0.253757,0.008973,-0.255219,0.093698,-0.212532,0.034799,-0.215874,0.064530,-0.215952,0.094467,-0.215139,0.034547,-0.216371,0.112970,-0.174038,0.018253,-0.175096,0.098057,-0.052319,0.026925,-0.048183,0.094301,-0.008831,0.027643,-0.004460
91,neutral,31.8,59.1,9.1,0,,22,0.161437,-0.360984,0.152913,-0.276980,0.227540,-0.275870,0.079354,-0.279851,0.253188,-0.161099,0.040863,-0.166764,0.205262,-0.129856,0.075170,-0.136980,0.144811,-0.087910,0.192789,-0.087303,0.099416,-0.089251,0.284676,-0.101028,0.005158,-0.107499,0.100287,-0.013443,0.187866,-0.007104,0.029432,-0.011709,0.260123,-0.004503
92,neutral,36.1,59.1,4.7,0,0.04792490024426648,274,0.065692,-0.374942,0.064860,-0.331102,0.103591,-0.330706,0.026162,-0.331902,0.124840,-0.276922,0.001113,-0.278824,0.108720,-0.246578,0.021642,-0.249693,0.063338,-0.210177,0.087822,-0.209767,0.039114,-0.210601,0.084017,-0.117682,0.043599,-0.118300,0.078880,-0.030620,0.048982,-0.032816,0.078872,-0.003156,0.049364,-0.005192
93,neutral,33.3,59.3,7.4,0,0.44102216552346263,27,0.081566,-0.351282,0.083010,-0.309845,0.120790,-0.309212,0.045700,-0.309819,0.136655,-0.256557,0.022683,-0.258243,0.116077,-0.232417,0.030342,-0.235193,0.085583,-0.205315,0.109420,-0.205986,0.059983,-0.203822,0.104377,-0.197834,0.077220,-0.145460,0.034330,-0.122965,0.079898,-0.032586,0.010068,-0.095642,0.083146,0.000000
94,neutral,38.1,59.5,2.3,0,0.08062864510615927,215,0.034399,-0.389345,0.046978,-0.343836,0.077756,-0.343770,0.016104,-0.343940,0.087051,-0.277777,0.008478,-0.282676,0.064518,-0.227128,0.004290,-0.236182,0.040488,-0.222179,0.060286,-0.221271,0.020646,-0.223085,0.058650,-0.127062,0.026478,-0.131063,0.068188,-0.030581,0.039087,-0.046807,0.048114,-0.000816,0.013899,-0.022857
95,neutral,37.2,59.6,3.3,0,0.1561216771501004,183,0.038227,-0.383867,0.042214,-0.338098,0.075073,-0.340250,0.009194,-0.336009,0.087483,-0.279011,0.004256,-0.272961,0.073313,-0.234885,0.016026,-0.227779,0.045333,-0.220608,0.068263,-0.221810,0.023134,-0.219476,0.085306,-0.129055,0.029826,-0.126612,0.103561,-0.035378,0.036110,-0.035650,0.114210,-0.004552,0.034478,-0.008679
96,neutral,36.9,60.7,2.4,0,0.2860471139516082,84,0.068238,-0.345524,0.066614,-0.307770,0.098562,-0.311980,0.033464,-0.303982,0.138057,-0.317225,0.013963,-0.251792,0.130036,-0.350116,0.021237,-0.220320,0.069138,-0.196450,0.091374,-0.197362,0.047286,-0.195372,0.100321,-0.115191,0.043919,-0.112240,0.097467,-0.034104,0.036408,-0.031785,0.106334,-0.007655,0.036820,-0.006127
97,neutral,38.9,61.1,0.0,0,,18,0.223588,-0.256822,0.239607,-0.208571,0.270661,-0.205079,0.207206,-0.212138,0.261316,-0.139969,0.175869,-0.163613,0.224738,-0.126778,0.158837,-0.147664,0.224258,-0.090259,0.246821,-0.083741,0.201230,-0.098062,0.184131,-0.117843,0.121470,-0.134861,0.131275,-0.019114,0.053272,-0.034441,0.084323,-0.006192,0.005925,-0.018763
98,neutral,30.6,61.1,8.3,0,0.17009445827060882,36,0.098026,-0.310511,0.105312,-0.275153,0.140781,-0.285694,0.069467,-0.265638,0.186903,-0.296162,0.035891,-0.221300,0.203681,-0.324917,0.007850,-0.196468,0.117785,-0.167352,0.140024,-0.170441,0.094664,-0.164431,0.158530,-0.109447,0.087754,-0.098941,0.151000,-0.036965,0.101026,-0.032324,0.159168,-0.010468,0.102947,-0.007274
99,neutral,35.0,61.3,3.7,0,0.07300923355113591,163,0.105616,-0.362565,0.111399,-0.318438,0.147011,-0.316066,0.075691,-0.321052,0.159854,-0.253680,0.058397,-0.262340,0.141143,-0.210394,0.058619,-0.220305,0.102313,-0.203423,0.125981,-0.201460,0.078520,-0.205366,0.119631,-0.119719,0.050382,-0.123422,0.110939,-0.034980,0.028214,-0.032729,0.101071,-0.008081,0.001762,-0.007765
100,neutral,35.0,62.0,2.9,0,0.0788579535837791,137,0.056307,-0.371005,0.051717,-0.326865,0.088342,-0.330790,0.014543,-0.323000,0.114220,-0.277744,0.002895,-0.256309,0.097916,-0.312193,0.010502,-0.202462,0.062355,-0.206823,0.086284,-0.209200,0.038584,-0.204453,0.102959,-0.120379,0.046303,-0.113434,0.108441,-0.038785,0.056217,-0.030072,0.124708,-0.012954,0.064382,-0.003914
101,neutral,35.9,62.1,2.0,0,0.04181747317321925,153,0.082138,-0.365315,0.080577,-0.323589,0.119651,-0.324235,0.041269,-0.323486,0.143128,-0.270261,0.012385,-0.269978,0.145244,-0.226934,0.012032,-0.227730,0.081650,-0.206762,0.106319,-0.206970,0.057404,-0.206553,0.106296,-0.118333,0.063924,-0.118675,0.100488,-0.032737,0.070269,-0.035198,0.103747,-0.004866,0.072594,-0.007580
102,neutral,37.8,62.2,0.0,0,0.22602518893168752,45,0.067186,-0.367901,0.060985,-0.319523,0.106866,-0.318305,0.015989,-0.320762,0.117548,-0.245584,0.007956,-0.244239,0.103945,-0.220104,0.054050,-0.217485,0.058091,-0.200139,0.087675,-0.200875,0.027504,-0.199834,0.141534,-0.175328,0.048442,-0.182033,0.136606,-0.044700,0.066598,-0.066366,0.152373,-0.006129,0.087782,-0.029189
103,neutral,34.1,62.4,3.5,0,0.1863066056519338,85,0.095361,-0.353323,0.096401,-0.313170,0.129567,-0.311051,0.063947,-0.315139,0.142364,-0.259511,0.050115,-0.264980,0.120011,-0.265248,0.071195,-0.272504,0.086966,-0.201797,0.109464,-0.199911,0.064157,-0.203416,0.106505,-0.113283,0.040058,-0.118961,0.102601,-0.029206,0.021993,-0.034036,0.100282,-0.004204,0.002172,-0.009717
104,neutral,37.0,63.0,0.0,0,0.3833116154678835,27,0.092018,-0.360262,0.091016,-0.308066,0.140888,-0.305290,0.040665,-0.310419,0.165363,-0.238971,0.016082,-0.235966,0.147355,-0.225588,0.034512,-0.211575,0.084855,-0.182693,0.119094,-0.181467,0.050975,-0.182668,0.122763,-0.174175,0.073326,-0.184953,0.067916,-0.054446,0.124274,-0.051573,0.052043,-0.022672,0.158569,-0.020149
105,neutral,33.0,63.0,4.0,0,0.09766018180871672,100,0.064301,-0.366136,0.058785,-0.322511,0.093670,-0.324829,0.022840,-0.321273,0.133801,-0.297430,0.004907,-0.260896,0.167752,-0.308897,0.009837,-0.212534,0.057473,-0.205109,0.080192,-0.205080,0.033593,-0.204666,0.075132,-0.116021,0.035411,-0.115352,0.062490,-0.036531,0.041867,-0.031939,0.066505,-0.009087,0.045944,-0.005412
106,neutral,31.8,63.6,4.5,0,,22,0.163920,-0.287317,0.171120,-0.254145,0.200137,-0.247822,0.141005,-0.261416,0.215108,-0.201848,0.101901,-0.246383,0.216894,-0.172523,0.090321,-0.251416,0.145091,-0.165341,0.162923,-0.155632,0.125611,-0.175721,0.121655,-0.108168,0.076956,-0.193441,0.108202,-0.021264,0.037309,-0.137522,0.089675,-0.000328,0.011981,-0.127561
107,neutral,29.0,63.7,7.3,0,0.002315053017941463,124,0.042314,-0.365116,0.045674,-0.324785,0.078553,-0.327356,0.012754,-0.322727,0.094534,-0.274140,0.005007,-0.266877,0.069354,-0.293533,0.027486,-0.279045,0.053152,-0.208787,0.075523,-0.210260,0.031247,-0.207226,0.091073,-0.119958,0.037902,-0.116206,0.104842,-0.035506,0.046626,-0.031430,0.113236,-0.007059,0.049034,-0.005791
108,neutral,30.1,64.2,5.7,0,0.010213256513694691,123,0.044304,-0.369014,0.051227,-0.328014,0.084085,-0.327916,0.019625,-0.327872,0.096879,-0.266608,0.004541,-0.279140,0.087080,-0.218198,0.015390,-0.317333,0.050855,-0.212468,0.072652,-0.212189,0.028643,-0.212650,0.085794,-0.122707,0.033866,-0.121728,0.101670,-0.035176,0.042475,-0.035086,0.104728,-0.004417,0.036968,-0.007878
109,neutral,32.5,65.1,2.4,0,0.06876470013634509,83,0.050305,-0.374857,0.036765,-0.333633,0.062312,-0.334641,0.009960,-0.332725,0.079920,-0.283606,0.018336,-0.271950,0.083771,-0.276663,0.069017,-0.275379,0.039263,-0.213706,0.058081,-0.214704,0.020877,-0.212693,0.056482,-0.121955,0.022498,-0.119964,0.044524,-0.036429,0.009534,-0.028256,0.066981,-0.012764,0.029500,-0.002036
110,neutral,30.1,66.0,3.9,0,5.0968822509749685e-05,259,0.045993,-0.379558,0.052219,-0.335299,0.087871,-0.335655,0.016376,-0.334942,0.108630,-0.279967,0.003252,-0.279698,0.082083,-0.257096,0.011982,-0.248669,0.050307,-0.215931,0.073308,-0.215486,0.027703,-0.216309,0.071085,-0.122194,0.032756,-0.123101,0.071815,-0.032064,0.042783,-0.038959,0.062010,-0.002376,0.032349,-0.010144
111,neutral,33.9,66.1,0.0,0,0.06655321877439685,56,0.083379,-0.309237,0.084581,-0.279526,0.114111,-0.277552,0.054567,-0.281655,0.152258,-0.294895,0.022059,-0.310164,0.169971,-0.328716,0.009218,-0.349256,0.078230,-0.174198,0.097786,-0.172618,0.058746,-0.175353,0.093804,-0.096640,0.052282,-0.103061,0.090691,-0.024263,0.055203,-0.038076,0.087529,-0.001040,0.050038,-0.015715
112,neutral,29.3,66.4,4.3,0,0.007929324486915364,116,0.069612,-0.361747,0.074540,-0.320704,0.108561,-0.317777,0.041028,-0.323640,0.123450,-0.258239,0.008170,-0.295290,0.113602,-0.210614,0.026685,-0.334251,0.066227,-0.204828,0.089144,-0.203122,0.043480,-0.206709,0.084012,-0.117412,0.034275,-0.120207,0.081281,-0.031769,0.032684,-0.033535,0.073887,-0.005459,0.019771,-0.006482
113,neutral,33.3,66.7,0.0,0,,6,0.145155,-0.270082,0.150103,-0.235756,0.181140,-0.240792,0.122818,-0.232764,0.229455,-0.232204,0.080363,-0.206812,0.246008,-0.236484,0.059685,-0.196204,0.158183,-0.137634,0.169861,-0.139526,0.148806,-0.135489,0.109143,-0.073847,0.181710,-0.086723,0.040100,-0.033038,0.244461,-0.036407,0.010797,-0.029501,0.271662,-0.011714
114,feminine,28.3,66.9,4.8,1,1.1123585146295814e-06,290,0.058947,-0.388790,0.060430,-0.341522,0.097694,-0.339335,0.023179,-0.344166,0.109002,-0.275185,0.006858,-0.283357,0.093580,-0.226867,0.008129,-0.233949,0.050170,-0.218650,0.074142,-0.216824,0.026152,-0.220594,0.065765,-0.121924,0.016906,-0.125243,0.056484,-0.030100,0.021449,-0.035289,0.044599,-0.002284,0.011197,-0.006365
115,neutral,29.1,67.3,3.6,0,0.0842602408982679,55,0.106358,-0.319523,0.109885,-0.284883,0.141735,-0.283754,0.077876,-0.286399,0.162591,-0.239523,0.037167,-0.265346,0.166177,-0.216941,0.002842,-0.262605,0.119206,-0.181596,0.138166,-0.182164,0.099666,-0.180163,0.135584,-0.109995,0.120664,-0.109984,0.127753,-0.027811,0.161214,-0.043109,0.122653,-0.003409,0.174742,-0.015628
116,feminine,27.3,67.5,5.2,1,1.7096771001927502e-06,249,0.070612,-0.386432,0.071684,-0.337701,0.112479,-0.336519,0.031303,-0.339345,0.127813,-0.269819,0.010415,-0.275173,0.128578,-0.211569,0.002158,-0.219468,0.067018,-0.211940,0.092634,-0.210928,0.041309,-0.212616,0.086413,-0.118044,0.043473,-0.120279,0.079692,-0.028904,0.053923,-0.038852,0.073060,-0.002265,0.051524,-0.010115
117,neutral,28.4,69.1,2.5,0,0.010905856199736292,81,0.093238,-0.367744,0.082945,-0.326023,0.120227,-0.321561,0.045011,-0.330603,0.132852,-0.263153,0.020984,-0.271529,0.126144,-0.303655,0.019997,-0.225728,0.065470,-0.206179,0.089581,-0.202489,0.041697,-0.209418,0.077470,-0.114217,0.025619,-0.120220,0.060150,-0.038003,0.016160,-0.040799,0.058338,-0.008353,0.013635,-0.012100
118,neutral,26.9,69.2,3.8,0,0.21883989963694603,26,0.112888,-0.381418,0.110138,-0.305614,0.178337,-0.306114,0.041440,-0.304203,0.208348,-0.202122,0.029285,-0.192731,0.170662,-0.149624,0.088479,-0.136295,0.115656,-0.128112,0.159076,-0.131457,0.071250,-0.127095,0.233044,-0.139333,0.020371,-0.122823,0.086012,-0.033125,0.181021,-0.034786,0.033499,-0.010415,0.250384,-0.016452
119,neutral,28.0,70.5,1.5,0,0.00015907266184788025,132,0.040332,-0.375064,0.051770,-0.333802,0.080208,-0.333098,0.023555,-0.334932,0.079422,-0.273864,0.010030,-0.279733,0.034681,-0.283353,0.012329,-0.267646,0.043465,-0.216434,0.062453,-0.215162,0.024778,-0.217431,0.057806,-0.122108,0.028316,-0.126185,0.067083,-0.029911,0.042324,-0.044398,0.045919,-0.002129,0.020060,-0.021658
120,neutral,24.6,70.5,4.9,0,0.011611387048348416,61,0.055024,-0.317600,0.054262,-0.287798,0.079097,-0.287252,0.028310,-0.288235,0.101433,-0.313756,0.007600,-0.323008,0.088406,-0.347835,0.022507,-0.356789,0.054389,-0.187464,0.072586,-0.187380,0.035684,-0.187339,0.073852,-0.105963,0.037179,-0.107278,0.070406,-0.029704,0.036698,-0.031534,0.068166,-0.006075,0.036061,-0.009149
121,neutral,25.7,70.9,3.4,0,3.345581871393971e-05,148,0.049163,-0.360802,0.048906,-0.323422,0.081032,-0.323011,0.016671,-0.323598,0.094695,-0.275347,0.003931,-0.272733,0.077584,-0.314689,0.022988,-0.308442,0.047525,-0.207331,0.068845,-0.206932,0.025547,-0.207790,0.066552,-0.115571,0.026238,-0.115364,0.063124,-0.031273,0.026817,-0.030710,0.061871,-0.005753,0.026113,-0.004608
122,feminine,24.2,71.1,4.7,1,9.029425879677477e-15,422,0.060680,-0.390124,0.061390,-0.341681,0.100458,-0.340536,0.022183,-0.343223,0.114774,-0.275440,0.004858,-0.278195,0.110004,-0.219934,0.003292,-0.222595,0.056569,-0.216410,0.081134,-0.215414,0.031672,-0.217155,0.074873,-0.120435,0.033360,-0.121621,0.068006,-0.030331,0.039566,-0.033025,0.062009,-0.003086,0.036058,-0.004816
123,neutral,24.1,71.3,4.6,0,0.001213211163430259,87,0.103301,-0.338839,0.103542,-0.299799,0.136927,-0.299858,0.070398,-0.300172,0.167739,-0.257695,0.037106,-0.259899,0.195538,-0.247525,0.000187,-0.251391,0.103545,-0.191546,0.124194,-0.191461,0.082442,-0.191563,0.117995,-0.108694,0.090981,-0.107845,0.110227,-0.035114,0.101993,-0.035393,0.107732,-0.008441,0.104569,-0.008061
124,neutral,23.9,71.6,4.5,0,0.004844949402898271,67,0.102780,-0.353209,0.099184,-0.313630,0.133232,-0.312191,0.063594,-0.315089,0.153951,-0.268586,0.044919,-0.256779,0.142269,-0.296247,0.044425,-0.210380,0.091044,-0.202772,0.113523,-0.201305,0.067427,-0.203896,0.108557,-0.118199,0.042381,-0.120973,0.097963,-0.034157,0.021243,-0.034460,0.093744,-0.008612,0.003369,-0.006097
125,feminine,25.3,71.8,2.9,1,2.8475325878551124e-06,170,0.062250,-0.383898,0.062512,-0.338002,0.099798,-0.338756,0.024899,-0.337576,0.116398,-0.278706,0.008254,-0.274371,0.115391,-0.232033,0.011611,-0.223447,0.060546,-0.216676,0.083489,-0.215931,0.037033,-0.216935,0.070769,-0.122195,0.046881,-0.123508,0.027408,-0.045671,0.059756,-0.031393,0.019987,-0.011984,0.066684,-0.002786
126,neutral,25.9,72.3,1.8,0,0.00013553008756064913,112,0.076621,-0.369106,0.074829,-0.326578,0.111717,-0.325469,0.037628,-0.328086,0.132591,-0.268554,0.011080,-0.273437,0.126581,-0.230194,0.014322,-0.238961,0.073461,-0.208550,0.096383,-0.208282,0.050413,-0.208741,0.082631,-0.121996,0.065384,-0.121873,0.064552,-0.030958,0.098791,-0.042344,0.056207,-0.004153,0.107579,-0.012357
127,neutral,23.3,72.6,4.1,0,0.0019278650274313594,73,0.071355,-0.346522,0.076189,-0.307715,0.108796,-0.306476,0.043822,-0.308748,0.124351,-0.250453,0.005057,-0.304369,0.121857,-0.208162,0.020895,-0.342735,0.080344,-0.194577,0.102203,-0.194840,0.058968,-0.194332,0.109573,-0.111497,0.066525,-0.108912,0.113020,-0.037298,0.080706,-0.031374,0.113408,-0.010804,0.078793,-0.006654
128,neutral,24.7,72.9,2.4,0,0.0007858313799182678,85,0.072456,-0.340396,0.073058,-0.307297,0.105137,-0.305460,0.041003,-0.308995,0.134318,-0.276497,0.009099,-0.283962,0.118960,-0.317021,0.027338,-0.319729,0.067125,-0.195069,0.089633,-0.193728,0.045208,-0.196149,0.085957,-0.109415,0.033153,-0.112684,0.084308,-0.027141,0.030255,-0.032955,0.077463,-0.002994,0.020026,-0.007382
129,feminine,22.7,73.8,3.5,1,9.874465986303347e-08,172,0.046752,-0.374767,0.050098,-0.332552,0.083564,-0.331039,0.016687,-0.334248,0.095736,-0.269837,0.005586,-0.281239,0.092758,-0.219686,0.019713,-0.313780,0.045954,-0.216277,0.067702,-0.215378,0.023894,-0.217186,0.062687,-0.123120,0.024345,-0.123821,0.058812,-0.037995,0.027667,-0.038339,0.055946,-0.009769,0.024433,-0.009000
130,neutral,19.0,74.6,6.3,0,0.0004575183698003581,63,0.089730,-0.364506,0.094309,-0.321551,0.118436,-0.321538,0.069515,-0.321495,0.132585,-0.262667,0.054314,-0.267821,0.132683,-0.232130,0.048560,-0.240201,0.087030,-0.203052,0.098900,-0.202151,0.075329,-0.203498,0.061837,-0.117013,0.097486,-0.115611,0.028094,-0.028329,0.115035,-0.025544,0.005693,-0.006067,0.109024,-0.007236
131,neutral,25.0,75.0,0.0,0,,16,0.135076,-0.309779,0.134672,-0.274787,0.160649,-0.275321,0.109951,-0.275201,0.180432,-0.245078,0.077722,-0.252530,0.190537,-0.250501,0.070164,-0.241319,0.129703,-0.173403,0.140895,-0.173315,0.119094,-0.173887,0.089113,-0.130809,0.135728,-0.103083,0.034401,-0.066779,0.159816,-0.024639,0.002350,-0.055794,0.162089,-0.006218
132,neutral,17.0,75.5,7.5,0,0.0004239322406359223,53,0.062312,-0.380692,0.057363,-0.333552,0.087384,-0.334922,0.026233,-0.332692,0.103581,-0.274614,0.011641,-0.264889,0.112018,-0.238643,0.015246,-0.211215,0.063816,-0.212283,0.080512,-0.213298,0.046844,-0.211328,0.057967,-0.124282,0.082677,-0.122896,0.030947,-0.038849,0.110811,-0.026992,0.040072,-0.011210,0.140740,-0.005174
133,neutral,21.7,76.1,2.2,0,3.366967324181842e-05,92,0.052323,-0.364963,0.051398,-0.326806,0.080581,-0.325907,0.022385,-0.327548,0.089730,-0.272428,0.010151,-0.277535,0.061587,-0.278313,0.034474,-0.293444,0.049033,-0.213255,0.066823,-0.212473,0.030883,-0.213572,0.051617,-0.123925,0.048653,-0.126117,0.031784,-0.033741,0.073155,-0.038599,0.021982,-0.006756,0.078910,-0.010682
134,feminine,21.8,76.2,2.1,1,3.599459716952224e-10,193,0.053306,-0.378180,0.054541,-0.334803,0.089773,-0.333904,0.019633,-0.336277,0.103980,-0.278681,0.005446,-0.278282,0.095537,-0.240232,0.009892,-0.232187,0.051794,-0.224052,0.074433,-0.223456,0.028832,-0.224475,0.067062,-0.138158,0.023442,-0.132251,0.060229,-0.062210,0.016308,-0.034394,0.062258,-0.031704,0.014564,-0.000151
135,neutral,19.6,76.3,4.1,0,8.934987773418296e-06,97,0.051908,-0.352438,0.048674,-0.313469,0.080794,-0.318973,0.016477,-0.308546,0.118270,-0.337127,0.005432,-0.249325,0.103772,-0.371298,0.011650,-0.206793,0.052404,-0.202528,0.073539,-0.203352,0.031431,-0.201218,0.073576,-0.117158,0.030863,-0.115844,0.063788,-0.037584,0.030690,-0.032419,0.067320,-0.010553,0.034566,-0.006600
136,neutral,15.0,80.0,5.0,0,,20,0.060527,-0.377634,0.061855,-0.334034,0.037782,-0.335286,0.084820,-0.334171,0.027876,-0.277319,0.101772,-0.272866,0.025772,-0.241872,0.101504,-0.236074,0.064952,-0.210380,0.046470,-0.210128,0.083187,-0.210498,0.038326,-0.117255,0.085390,-0.116861,0.027220,-0.021351,0.096317,-0.023757,0.024005,-0.007286,0.098051,-0.009178
137,feminine,14.4,80.9,4.8,1,5.0460146657086614e-15,188,0.052880,-0.382850,0.055102,-0.337314,0.091619,-0.336453,0.018815,-0.337911,0.107879,-0.275910,0.004433,-0.276290,0.100474,-0.228479,0.006684,-0.227876,0.054231,-0.217917,0.076750,-0.217807,0.031806,-0.217732,0.068375,-0.124434,0.043475,-0.124369,0.057261,-0.033016,0.086407,-0.044509,0.047136,-0.004441,0.095092,-0.010821
138,neutral,19.0,81.0,0.0,0,,21,0.065724,-0.354312,0.057036,-0.309739,0.095514,-0.311860,0.019176,-0.308528,0.112682,-0.242480,0.010500,-0.228081,0.122287,-0.199840,0.044560,-0.182028,0.057192,-0.185485,0.082829,-0.190297,0.030705,-0.179944,0.161347,-0.163552,0.124807,-0.145706,0.108715,-0.062481,0.191965,-0.026827,0.131485,-0.025171,0.248483,-0.007644
139,feminine,13.7,81.9,4.4,1,5.324908837543625e-19,227,0.051857,-0.372113,0.050886,-0.330723,0.084649,-0.331485,0.016569,-0.329799,0.098635,-0.279884,0.004704,-0.268208,0.083219,-0.321946,0.008136,-0.217579,0.050937,-0.215480,0.073229,-0.215485,0.028330,-0.215402,0.070991,-0.123463,0.027379,-0.123026,0.066698,-0.038546,0.029230,-0.037197,0.067124,-0.009599,0.027816,-0.008052
140,neutral,14.7,82.4,2.9,0,0.0020565987783123145,34,0.126439,-0.336521,0.133302,-0.295004,0.168711,-0.293866,0.097715,-0.296240,0.170341,-0.229713,0.079350,-0.244395,0.127263,-0.210804,0.079774,-0.228796,0.132717,-0.186083,0.157571,-0.184053,0.107828,-0.187882,0.099453,-0.184159,0.084688,-0.149011,0.042788,-0.080070,0.108719,-0.041751,0.000000,-0.059265,0.104749,-0.007709
141,feminine,13.9,82.4,3.7,1,1.8071757356206426e-09,108,0.060076,-0.369048,0.063737,-0.327632,0.097447,-0.327251,0.029751,-0.328100,0.111907,-0.266176,0.009102,-0.278340,0.107484,-0.214196,0.014403,-0.307975,0.062768,-0.210380,0.083862,-0.210118,0.041529,-0.210500,0.075324,-0.122347,0.050828,-0.121291,0.065169,-0.038791,0.068667,-0.038401,0.058200,-0.010096,0.069378,-0.008355
142,neutral,16.7,83.3,0.0,0,,24,0.058998,-0.333127,0.055160,-0.289995,0.089476,-0.293511,0.019043,-0.288528,0.109947,-0.242302,0.005815,-0.227785,0.107701,-0.235386,0.035966,-0.218617,0.068185,-0.186632,0.090172,-0.189295,0.045149,-0.183408,0.134799,-0.147668,0.122754,-0.192547,0.126572,-0.034995,0.191486,-0.102878,0.148173,0.000000,0.239675,-0.086701
143,neutral,12.5,83.3,4.2,0,,24,0.173844,-0.309349,0.181921,-0.266209,0.216134,-0.263544,0.148386,-0.268777,0.217850,-0.208968,0.128764,-0.219542,0.196833,-0.188106,0.126905,-0.207143,0.168447,-0.156564,0.189611,-0.151945,0.146457,-0.161370,0.111197,-0.151290,0.095013,-0.133151,0.045347,-0.055128,0.101797,-0.032911,0.000953,-0.043373,0.083029,-0.001397
144,feminine,10.5,84.2,5.3,1,3.033816893536555e-06,57,0.056743,-0.346416,0.060490,-0.310343,0.086854,-0.303431,0.033766,-0.317628,0.094728,-0.248159,0.006098,-0.345053,0.074994,-0.221377,0.023768,-0.373853,0.052706,-0.202528,0.069892,-0.200466,0.035160,-0.204347,0.061490,-0.114528,0.038716,-0.119158,0.062926,-0.028040,0.057374,-0.042293,0.044969,-0.004379,0.045901,-0.018650
145,feminine,13.9,84.3,1.9,1,2.981612024821623e-10,108,0.068070,-0.354623,0.070051,-0.316216,0.103930,-0.317517,0.036141,-0.315464,0.125551,-0.270111,0.010640,-0.266625,0.114131,-0.294133,0.014866,-0.280856,0.071603,-0.204652,0.093182,-0.204889,0.049741,-0.204269,0.090198,-0.116092,0.057363,-0.116280,0.084483,-0.034650,0.068740,-0.036804,0.082469,-0.005718,0.070413,-0.010185
146,feminine,12.0,86.0,2.0,1,1.7784435981787287e-15,150,0.045841,-0.384527,0.050953,-0.340638,0.084467,-0.340387,0.018117,-0.340799,0.096662,-0.278039,0.007361,-0.280239,0.080564,-0.232549,0.007668,-0.233343,0.046581,-0.223767,0.066683,-0.222853,0.026378,-0.224238,0.047777,-0.129259,0.040101,-0.130443,0.032789,-0.032943,0.062682,-0.042519,0.016462,-0.004009,0.059390,-0.014056
147,feminine,9.9,86.8,3.3,1,3.2293614697963193e-26,242,0.046517,-0.386877,0.048356,-0.340957,0.084133,-0.342120,0.012952,-0.340272,0.096158,-0.280513,0.003089,-0.275949,0.095944,-0.226786,0.004555,-0.220591,0.050099,-0.225041,0.072487,-0.225319,0.027784,-0.224634,0.068379,-0.129079,0.034434,-0.128385,0.063998,-0.036182,0.041607,-0.034904,0.062015,-0.005134,0.041337,-0.005611
148,feminine,6.0,88.0,6.0,1,5.924926505046964e-07,50,0.054644,-0.365139,0.052852,-0.321137,0.092135,-0.320688,0.013568,-0.321494,0.098799,-0.257593,0.005151,-0.256879,0.079068,-0.233696,0.034027,-0.240626,0.049330,-0.214637,0.075841,-0.214481,0.021884,-0.214559,0.059672,-0.156590,0.062830,-0.199301,0.058887,-0.036862,0.113729,-0.087873,0.050976,0.000000,0.144324,-0.054691
149,feminine,6.2,91.2,2.5,1,2.366897658642439e-11,80,0.047593,-0.369768,0.044499,-0.328776,0.073988,-0.331514,0.014729,-0.326986,0.095397,-0.290238,0.005668,-0.265317,0.090503,-0.319871,0.013459,-0.215338,0.048591,-0.215720,0.066682,-0.216581,0.031538,-0.214616,0.053676,-0.125004,0.047080,-0.124877,0.033476,-0.043119,0.063121,-0.032836,0.034574,-0.015431,0.078161,-0.005635
150,neutral,0.0,100.0,0.0,0,,7,0.206033,-0.194941,0.206278,-0.154145,0.240987,-0.153127,0.168522,-0.154770,0.244190,-0.086856,0.161171,-0.092869,0.229609,-0.034494,0.166724,-0.039678,0.204862,-0.065619,0.228873,-0.065950,0.180686,-0.065668,0.294408,-0.044780,0.109853,-0.041631,0.349371,-0.017229,0.036814,-0.005717,0.381202,-0.026946,0.000000,-0.017567
